Workbook
Name Familles: Paramètres!$F$3:$F$18
Name TypesAcheteur: Paramètres!$H$3:$H$5

Sheet Paramètres
A1: Paramètres de calcul
F2: Familles (FCS) | H2: Types d'acheteur
A3: Type d'acheteur | B3: Collectivité / autre pouvoir adjudicateur | F3: Fournitures de bureau & papeterie | H3: Collectivité / autre pouvoir adjudicateur
A4: Date d'engagement de la consultation | B4: =DATE(2026,5,1) -> 46143 | F4: Matériel informatique & téléphonie | H4: État (pouvoir adjudicateur central)
A5: Année d'analyse | B5: 2026 | F5: Logiciels & licences | H5: Entité adjudicatrice / défense-sécurité
A6: Seuil de dispense (auto) | B6: =IF(B4>=DATE(2026,4,1),60000,40000) -> 60000 | F6: Mobilier
A7: Seuil européen (auto) | B7: =IF(B3="État (pouvoir adjudicateur central)",140000,IF(B3="Entité adjudicatrice / défense-sécurité",432000,216000)) -> 216000 | F7: Produits & matériel d'entretien
F8: Véhicules & équipements de transport
F9: Carburants
A10: Seuil mini (≥) | B10: Procédure | C10: MEC | D10: Publicité | F10: Vêtements & EPI
A11: 0 | B11: Gré à gré encadré (devis) | C11: Non | D11: Non | F11: Denrées & restauration
A12: =B6 -> 60000 | B12: MAPA — publicité libre | C12: Oui | D12: Support libre | F12: Prestations intellectuelles & études
A13: 90000 | B13: MAPA — publicité BOAMP/JAL | C13: Oui | D13: BOAMP ou JAL | F13: Maintenance & entretien (services)
A14: =B7 -> 216000 | B14: Procédure formalisée (AO) | C14: Oui | D14: BOAMP + JOUE | F14: Communication & impression
F15: Formation
A16: Astuce : modifiez ici les seuils si la réglementation évolue ; tout le classeur se recalcule. | F16: Télécommunications & abonnements
F17: Autres fournitures
F18: Autres services

Sheet Feuil1
A1: Année | B1: (Tous)
A3: Étiquettes de lignes | B3: Somme de Montant_HT
A4: Maintenance & entretien (services) | B4: 230000
A5: Matériel informatique & téléphonie | B5: 37000
A6: Mobilier | B6: 95000
A7: Total général | B7: 362000

Sheet Saisie
A1: Description | B1: Montant_HT | C1: Date | D1: Famille | E1: Sans_MEC | F1: Justification | G1: Année | I1: ← Saisissez vos achats ici (1 ligne = 1 achat). Ce tableau « Achats » est directement exploitable dans Power BI / Power Query.
A2: Ordinateurs portables | B2: 28000 | C2: =DATE(2026,2,15) -> 46068 | D2: Matériel informatique & téléphonie | E2: Non | G2: =IF(C2="","",YEAR(C2)) -> 2026
A3: Écrans et périphériques | B3: 9000 | C3: =DATE(2026,6,20) -> 46193 | D3: Matériel informatique & téléphonie | E3: Non | G3: =IF(C3="","",YEAR(C3)) -> 2026
A4: Mobilier de bureau (lot 1) | B4: 48000 | C4: =DATE(2026,3,1) -> 46082 | D4: Mobilier | E4: Non | G4: =IF(C4="","",YEAR(C4)) -> 2026
A5: Mobilier de bureau (lot 2) | B5: 47000 | C5: =DATE(2026,9,1) -> 46266 | D5: Mobilier | E5: Non | G5: =IF(C5="","",YEAR(C5)) -> 2026
A6: Maintenance des ascenseurs | B6: 230000 | C6: =DATE(2026,1,10) -> 46032 | D6: Maintenance & entretien (services) | E6: Non | G6: =IF(C6="","",YEAR(C6)) -> 2026

Sheet Tableau de bord
A1: Tableau de bord — computation des seuils
A2: Cumul par famille homogène sur l'année d'analyse (Paramètres). Procédure déduite du barème.
A4: Total HT (année) | C4: Familles actives | E4: Alertes fractionnement
A5: =SUM(B9:B24) -> 362000 | C5: =COUNTIF(B9:B24,">0") -> 3 | E5: =SUMPRODUCT(--(G9:G24<>"")) -> 1
A8: Famille | B8: Cumul HT | C8: Nb achats | D8: Procédure applicable | E8: MEC | F8: Publicité | G8: Alerte | I8: Procédure | J8: Montant HT
A9: Fournitures de bureau & papeterie | B9: =SUMIFS(Saisie!$B:$B,Saisie!$D:$D,$A9,Saisie!$G:$G,Paramètres!$B$5) -> 0 | C9: =COUNTIFS(Saisie!$D:$D,$A9,Saisie!$G:$G,Paramètres!$B$5) -> 0 | D9: =IF($B9=0,"—",LOOKUP($B9,Paramètres!$A$11:$A$14,Paramètres!$B$11:$B$14)) -> — | E9: =IF($B9=0,"",LOOKUP($B9,Paramètres!$A$11:$A$14,Paramètres!$C$11:$C$14)) | F9: =IF($B9=0,"",LOOKUP($B9,Paramètres!$A$11:$A$14,Paramètres!$D$11:$D$14)) | G9: =IF(AND($C9>=2,$B9>=Paramètres!$B$6),"Fractionnement ?","") | I9: Gré à gré encadré (devis) | J9: =SUMIF($D$9:$D$24,I9,$B$9:$B$24) -> 37000
A10: Matériel informatique & téléphonie | B10: =SUMIFS(Saisie!$B:$B,Saisie!$D:$D,$A10,Saisie!$G:$G,Paramètres!$B$5) -> 37000 | C10: =COUNTIFS(Saisie!$D:$D,$A10,Saisie!$G:$G,Paramètres!$B$5) -> 2 | D10: =IF($B10=0,"—",LOOKUP($B10,Paramètres!$A$11:$A$14,Paramètres!$B$11:$B$14)) -> Gré à gré encadré (devis) | E10: =IF($B10=0,"",LOOKUP($B10,Paramètres!$A$11:$A$14,Paramètres!$C$11:$C$14)) -> Non | F10: =IF($B10=0,"",LOOKUP($B10,Paramètres!$A$11:$A$14,Paramètres!$D$11:$D$14)) -> Non | G10: =IF(AND($C10>=2,$B10>=Paramètres!$B$6),"Fractionnement ?","") | I10: MAPA — publicité libre | J10: =SUMIF($D$9:$D$24,I10,$B$9:$B$24) -> 0
A11: Logiciels & licences | B11: =SUMIFS(Saisie!$B:$B,Saisie!$D:$D,$A11,Saisie!$G:$G,Paramètres!$B$5) -> 0 | C11: =COUNTIFS(Saisie!$D:$D,$A11,Saisie!$G:$G,Paramètres!$B$5) -> 0 | D11: =IF($B11=0,"—",LOOKUP($B11,Paramètres!$A$11:$A$14,Paramètres!$B$11:$B$14)) -> — | E11: =IF($B11=0,"",LOOKUP($B11,Paramètres!$A$11:$A$14,Paramètres!$C$11:$C$14)) | F11: =IF($B11=0,"",LOOKUP($B11,Paramètres!$A$11:$A$14,Paramètres!$D$11:$D$14)) | G11: =IF(AND($C11>=2,$B11>=Paramètres!$B$6),"Fractionnement ?","") | I11: MAPA — publicité BOAMP/JAL | J11: =SUMIF($D$9:$D$24,I11,$B$9:$B$24) -> 95000
A12: Mobilier | B12: =SUMIFS(Saisie!$B:$B,Saisie!$D:$D,$A12,Saisie!$G:$G,Paramètres!$B$5) -> 95000 | C12: =COUNTIFS(Saisie!$D:$D,$A12,Saisie!$G:$G,Paramètres!$B$5) -> 2 | D12: =IF($B12=0,"—",LOOKUP($B12,Paramètres!$A$11:$A$14,Paramètres!$B$11:$B$14)) -> MAPA — publicité BOAMP/JAL | E12: =IF($B12=0,"",LOOKUP($B12,Paramètres!$A$11:$A$14,Paramètres!$C$11:$C$14)) -> Oui | F12: =IF($B12=0,"",LOOKUP($B12,Paramètres!$A$11:$A$14,Paramètres!$D$11:$D$14)) -> BOAMP ou JAL | G12: =IF(AND($C12>=2,$B12>=Paramètres!$B$6),"Fractionnement ?","") -> Fractionnement ? | I12: Procédure formalisée (AO) | J12: =SUMIF($D$9:$D$24,I12,$B$9:$B$24) -> 230000
A13: Produits & matériel d'entretien | B13: =SUMIFS(Saisie!$B:$B,Saisie!$D:$D,$A13,Saisie!$G:$G,Paramètres!$B$5) -> 0 | C13: =COUNTIFS(Saisie!$D:$D,$A13,Saisie!$G:$G,Paramètres!$B$5) -> 0 | D13: =IF($B13=0,"—",LOOKUP($B13,Paramètres!$A$11:$A$14,Paramètres!$B$11:$B$14)) -> — | E13: =IF($B13=0,"",LOOKUP($B13,Paramètres!$A$11:$A$14,Paramètres!$C$11:$C$14)) | F13: =IF($B13=0,"",LOOKUP($B13,Paramètres!$A$11:$A$14,Paramètres!$D$11:$D$14)) | G13: =IF(AND($C13>=2,$B13>=Paramètres!$B$6),"Fractionnement ?","")
A14: Véhicules & équipements de transport | B14: =SUMIFS(Saisie!$B:$B,Saisie!$D:$D,$A14,Saisie!$G:$G,Paramètres!$B$5) -> 0 | C14: =COUNTIFS(Saisie!$D:$D,$A14,Saisie!$G:$G,Paramètres!$B$5) -> 0 | D14: =IF($B14=0,"—",LOOKUP($B14,Paramètres!$A$11:$A$14,Paramètres!$B$11:$B$14)) -> — | E14: =IF($B14=0,"",LOOKUP($B14,Paramètres!$A$11:$A$14,Paramètres!$C$11:$C$14)) | F14: =IF($B14=0,"",LOOKUP($B14,Paramètres!$A$11:$A$14,Paramètres!$D$11:$D$14)) | G14: =IF(AND($C14>=2,$B14>=Paramètres!$B$6),"Fractionnement ?","")
A15: Carburants | B15: =SUMIFS(Saisie!$B:$B,Saisie!$D:$D,$A15,Saisie!$G:$G,Paramètres!$B$5) -> 0 | C15: =COUNTIFS(Saisie!$D:$D,$A15,Saisie!$G:$G,Paramètres!$B$5) -> 0 | D15: =IF($B15=0,"—",LOOKUP($B15,Paramètres!$A$11:$A$14,Paramètres!$B$11:$B$14)) -> — | E15: =IF($B15=0,"",LOOKUP($B15,Paramètres!$A$11:$A$14,Paramètres!$C$11:$C$14)) | F15: =IF($B15=0,"",LOOKUP($B15,Paramètres!$A$11:$A$14,Paramètres!$D$11:$D$14)) | G15: =IF(AND($C15>=2,$B15>=Paramètres!$B$6),"Fractionnement ?","")
A16: Vêtements & EPI | B16: =SUMIFS(Saisie!$B:$B,Saisie!$D:$D,$A16,Saisie!$G:$G,Paramètres!$B$5) -> 0 | C16: =COUNTIFS(Saisie!$D:$D,$A16,Saisie!$G:$G,Paramètres!$B$5) -> 0 | D16: =IF($B16=0,"—",LOOKUP($B16,Paramètres!$A$11:$A$14,Paramètres!$B$11:$B$14)) -> — | E16: =IF($B16=0,"",LOOKUP($B16,Paramètres!$A$11:$A$14,Paramètres!$C$11:$C$14)) | F16: =IF($B16=0,"",LOOKUP($B16,Paramètres!$A$11:$A$14,Paramètres!$D$11:$D$14)) | G16: =IF(AND($C16>=2,$B16>=Paramètres!$B$6),"Fractionnement ?","")
A17: Denrées & restauration | B17: =SUMIFS(Saisie!$B:$B,Saisie!$D:$D,$A17,Saisie!$G:$G,Paramètres!$B$5) -> 0 | C17: =COUNTIFS(Saisie!$D:$D,$A17,Saisie!$G:$G,Paramètres!$B$5) -> 0 | D17: =IF($B17=0,"—",LOOKUP($B17,Paramètres!$A$11:$A$14,Paramètres!$B$11:$B$14)) -> — | E17: =IF($B17=0,"",LOOKUP($B17,Paramètres!$A$11:$A$14,Paramètres!$C$11:$C$14)) | F17: =IF($B17=0,"",LOOKUP($B17,Paramètres!$A$11:$A$14,Paramètres!$D$11:$D$14)) | G17: =IF(AND($C17>=2,$B17>=Paramètres!$B$6),"Fractionnement ?","")
A18: Prestations intellectuelles & études | B18: =SUMIFS(Saisie!$B:$B,Saisie!$D:$D,$A18,Saisie!$G:$G,Paramètres!$B$5) -> 0 | C18: =COUNTIFS(Saisie!$D:$D,$A18,Saisie!$G:$G,Paramètres!$B$5) -> 0 | D18: =IF($B18=0,"—",LOOKUP($B18,Paramètres!$A$11:$A$14,Paramètres!$B$11:$B$14)) -> — | E18: =IF($B18=0,"",LOOKUP($B18,Paramètres!$A$11:$A$14,Paramètres!$C$11:$C$14)) | F18: =IF($B18=0,"",LOOKUP($B18,Paramètres!$A$11:$A$14,Paramètres!$D$11:$D$14)) | G18: =IF(AND($C18>=2,$B18>=Paramètres!$B$6),"Fractionnement ?","")
A19: Maintenance & entretien (services) | B19: =SUMIFS(Saisie!$B:$B,Saisie!$D:$D,$A19,Saisie!$G:$G,Paramètres!$B$5) -> 230000 | C19: =COUNTIFS(Saisie!$D:$D,$A19,Saisie!$G:$G,Paramètres!$B$5) -> 1 | D19: =IF($B19=0,"—",LOOKUP($B19,Paramètres!$A$11:$A$14,Paramètres!$B$11:$B$14)) -> Procédure formalisée (AO) | E19: =IF($B19=0,"",LOOKUP($B19,Paramètres!$A$11:$A$14,Paramètres!$C$11:$C$14)) -> Oui | F19: =IF($B19=0,"",LOOKUP($B19,Paramètres!$A$11:$A$14,Paramètres!$D$11:$D$14)) -> BOAMP + JOUE | G19: =IF(AND($C19>=2,$B19>=Paramètres!$B$6),"Fractionnement ?","")
A20: Communication & impression | B20: =SUMIFS(Saisie!$B:$B,Saisie!$D:$D,$A20,Saisie!$G:$G,Paramètres!$B$5) -> 0 | C20: =COUNTIFS(Saisie!$D:$D,$A20,Saisie!$G:$G,Paramètres!$B$5) -> 0 | D20: =IF($B20=0,"—",LOOKUP($B20,Paramètres!$A$11:$A$14,Paramètres!$B$11:$B$14)) -> — | E20: =IF($B20=0,"",LOOKUP($B20,Paramètres!$A$11:$A$14,Paramètres!$C$11:$C$14)) | F20: =IF($B20=0,"",LOOKUP($B20,Paramètres!$A$11:$A$14,Paramètres!$D$11:$D$14)) | G20: =IF(AND($C20>=2,$B20>=Paramètres!$B$6),"Fractionnement ?","")
A21: Formation | B21: =SUMIFS(Saisie!$B:$B,Saisie!$D:$D,$A21,Saisie!$G:$G,Paramètres!$B$5) -> 0 | C21: =COUNTIFS(Saisie!$D:$D,$A21,Saisie!$G:$G,Paramètres!$B$5) -> 0 | D21: =IF($B21=0,"—",LOOKUP($B21,Paramètres!$A$11:$A$14,Paramètres!$B$11:$B$14)) -> — | E21: =IF($B21=0,"",LOOKUP($B21,Paramètres!$A$11:$A$14,Paramètres!$C$11:$C$14)) | F21: =IF($B21=0,"",LOOKUP($B21,Paramètres!$A$11:$A$14,Paramètres!$D$11:$D$14)) | G21: =IF(AND($C21>=2,$B21>=Paramètres!$B$6),"Fractionnement ?","")
A22: Télécommunications & abonnements | B22: =SUMIFS(Saisie!$B:$B,Saisie!$D:$D,$A22,Saisie!$G:$G,Paramètres!$B$5) -> 0 | C22: =COUNTIFS(Saisie!$D:$D,$A22,Saisie!$G:$G,Paramètres!$B$5) -> 0 | D22: =IF($B22=0,"—",LOOKUP($B22,Paramètres!$A$11:$A$14,Paramètres!$B$11:$B$14)) -> — | E22: =IF($B22=0,"",LOOKUP($B22,Paramètres!$A$11:$A$14,Paramètres!$C$11:$C$14)) | F22: =IF($B22=0,"",LOOKUP($B22,Paramètres!$A$11:$A$14,Paramètres!$D$11:$D$14)) | G22: =IF(AND($C22>=2,$B22>=Paramètres!$B$6),"Fractionnement ?","")
A23: Autres fournitures | B23: =SUMIFS(Saisie!$B:$B,Saisie!$D:$D,$A23,Saisie!$G:$G,Paramètres!$B$5) -> 0 | C23: =COUNTIFS(Saisie!$D:$D,$A23,Saisie!$G:$G,Paramètres!$B$5) -> 0 | D23: =IF($B23=0,"—",LOOKUP($B23,Paramètres!$A$11:$A$14,Paramètres!$B$11:$B$14)) -> — | E23: =IF($B23=0,"",LOOKUP($B23,Paramètres!$A$11:$A$14,Paramètres!$C$11:$C$14)) | F23: =IF($B23=0,"",LOOKUP($B23,Paramètres!$A$11:$A$14,Paramètres!$D$11:$D$14)) | G23: =IF(AND($C23>=2,$B23>=Paramètres!$B$6),"Fractionnement ?","")
A24: Autres services | B24: =SUMIFS(Saisie!$B:$B,Saisie!$D:$D,$A24,Saisie!$G:$G,Paramètres!$B$5) -> 0 | C24: =COUNTIFS(Saisie!$D:$D,$A24,Saisie!$G:$G,Paramètres!$B$5) -> 0 | D24: =IF($B24=0,"—",LOOKUP($B24,Paramètres!$A$11:$A$14,Paramètres!$B$11:$B$14)) -> — | E24: =IF($B24=0,"",LOOKUP($B24,Paramètres!$A$11:$A$14,Paramètres!$C$11:$C$14)) | F24: =IF($B24=0,"",LOOKUP($B24,Paramètres!$A$11:$A$14,Paramètres!$D$11:$D$14)) | G24: =IF(AND($C24>=2,$B24>=Paramètres!$B$6),"Fractionnement ?","")

Sheet Aide & sources
A1: Computation des seuils — marchés de fournitures & services (FCS)
A3: Méthode
A4: On additionne, par famille homogène, les montants HT sur l'année d'analyse (art. R.2121-6 CCP). Le total détermine la procédure. Le seuil de dispense est fixé par la date d'engagement de la consultation (40 000 € HT avant le 01/04/2026, 60 000 € à partir).
A5: Point de vigilance : la computation porte juridiquement sur la VALEUR ESTIMÉE du besoin (durée totale du marché, reconductions et options comprises). L'historique des achats saisis n'en est qu'un indice — intégrez votre prévisionnel pour ne pas sous-estimer le seuil.
A7: Barème 2026 (FCS, modifiable dans l'onglet Paramètres)
A8: < 40 000 € puis < 60 000 € (dès 01/04/2026) : sans publicité ni mise en concurrence.
A9: Dispense → 90 000 € : procédure adaptée (MAPA), publicité obligatoire au support libre.
A10: 90 000 € → seuil UE : MAPA, publicité obligatoire au BOAMP ou JAL.
A11: ≥ seuil UE (État 140 000 € · collectivités 216 000 € · entités 432 000 €) : procédure formalisée (BOAMP + JOUE).
A13: Sources officielles
A14: Décret n° 2025-1386 du 29/12/2025 (Légifrance)
A15: DAJ Bercy — seuils européens 2026
... A22: Astuce TCD : sur l'onglet Saisie, cliquez dans le tableau « Achats » → Insertion → Tableau croisé dynamique → OK. Glissez « Famille » en Lignes, « Montant_HT » en Valeurs (Somme), « Année » en Filtres.
